{
  "getAllUserGrants" : {
    "transaction" : "getAllUserGrants",
    "sampleCount" : 100,
    "errorCount" : 0,
    "errorPct" : 0.0,
    "meanResTime" : 31584.480000000003,
    "medianResTime" : 26723.5,
    "minResTime" : 4228.0,
    "maxResTime" : 73425.0,
    "pct1ResTime" : 67584.1,
    "pct2ResTime" : 71984.4,
    "pct3ResTime" : 73424.13,
    "throughput" : 0.38013852247759083,
    "receivedKBytesPerSec" : 2.5767674896982458,
    "sentKBytesPerSec" : 0.9889541248831074
  },
  "Total" : {
    "transaction" : "Total",
    "sampleCount" : 500,
    "errorCount" : 1,
    "errorPct" : 0.2,
    "meanResTime" : 25166.933999999997,
    "medianResTime" : 1899.5,
    "minResTime" : 119.0,
    "maxResTime" : 233472.0,
    "pct1ResTime" : 98618.10000000005,
    "pct2ResTime" : 164533.45,
    "pct3ResTime" : 194064.39000000004,
    "throughput" : 1.8560864787812195,
    "receivedKBytesPerSec" : 1118.3139813600194,
    "sentKBytesPerSec" : 4.82782956323501
  },
  "getNavigations" : {
    "transaction" : "getNavigations",
    "sampleCount" : 100,
    "errorCount" : 0,
    "errorPct" : 0.0,
    "meanResTime" : 1267.0999999999997,
    "medianResTime" : 875.0,
    "minResTime" : 235.0,
    "maxResTime" : 5328.0,
    "pct1ResTime" : 2315.2,
    "pct2ResTime" : 3257.7499999999955,
    "pct3ResTime" : 5318.979999999995,
    "throughput" : 1.4189831566699302,
    "receivedKBytesPerSec" : 77.83441331254524,
    "sentKBytesPerSec" : 3.684644739829438
  },
  "getAllModules" : {
    "transaction" : "getAllModules",
    "sampleCount" : 100,
    "errorCount" : 1,
    "errorPct" : 1.0,
    "meanResTime" : 91092.15999999999,
    "medianResTime" : 98074.5,
    "minResTime" : 3758.0,
    "maxResTime" : 233472.0,
    "pct1ResTime" : 183238.3,
    "pct2ResTime" : 193825.94999999992,
    "pct3ResTime" : 233399.80999999997,
    "throughput" : 0.38105689941622084,
    "receivedKBytesPerSec" : 1118.170556096577,
    "sentKBytesPerSec" : 0.9751670279562394
  },
  "getAllRolesAndGrades" : {
    "transaction" : "getAllRolesAndGrades",
    "sampleCount" : 100,
    "errorCount" : 0,
    "errorPct" : 0.0,
    "meanResTime" : 1544.3799999999994,
    "medianResTime" : 1190.0,
    "minResTime" : 309.0,
    "maxResTime" : 4717.0,
    "pct1ResTime" : 3227.2000000000003,
    "pct2ResTime" : 3635.1,
    "pct3ResTime" : 4715.73,
    "throughput" : 0.3857920503690101,
    "receivedKBytesPerSec" : 3.649713356506576,
    "sentKBytesPerSec" : 1.0111971320218975
  },
  "getProjectNavs" : {
    "transaction" : "getProjectNavs",
    "sampleCount" : 100,
    "errorCount" : 0,
    "errorPct" : 0.0,
    "meanResTime" : 346.5499999999999,
    "medianResTime" : 279.0,
    "minResTime" : 119.0,
    "maxResTime" : 1364.0,
    "pct1ResTime" : 578.6,
    "pct2ResTime" : 765.1499999999994,
    "pct3ResTime" : 1362.4599999999991,
    "throughput" : 0.40866199974662953,
    "receivedKBytesPerSec" : 2.8913874100432775,
    "sentKBytesPerSec" : 1.0735359173031578
  }
}